Model,K,Silhouette,Calinski_Harabasz,Davies_Bouldin,ARI_Mean,ARI_Std,NMI_Mean,NMI_Std
Spherical K-Means,14,0.12082765923509532,33.85505591679109,2.9927729382332626,0.6837206619402841,0.09336833452197593,0.7655317250532592,0.06367491549493043
