Model,K/Clusters,Primary Metric,Primary Score,CH Score,DB Score,Stability (ARI),Stability (NMI),Noise %
Spherical K-Means,14,Silhouette,0.12082765923509532,33.85505591679109,2.9927729382332626,0.684±0.093,0.766±0.064,0.0
HDBSCAN,3,DBCV,0.04446560785536557,,,1.000±0.000,1.000±0.000,90.9090909090909
Agglomerative,20,Silhouette,0.06253452957186093,20.40305672339555,3.516375492973315,0.267±0.049,0.535±0.019,0.0
